<?xml version="1.0" encoding="UTF-8"?>
<!DOCTYPE Configure PUBLIC "-//Mort Bay Consulting//DTD Configure//EN" "http://www.eclipse.org/jetty/configure.dtd">

<Configure id="wac" class="org.eclipse.jetty.webapp.WebAppContext">
<New id="VehicleTrackerDS" class="org.eclipse.jetty.plus.jndi.Resource">
   <Arg><Ref refid="wac"/></Arg>
   <Arg>jdbc/VehicleTrackerDS</Arg>
   <Arg>
      <New class="org.postgresql.ds.PGConnectionPoolDataSource">
         <Set name="User">latravis</Set>
         <Set name="Password">""</Set>
         <Set name="DatabaseName">latravis</Set>
         <Set name="ServerName">localhost</Set>
         <Set name="PortNumber">5432</Set>
      </New>
   </Arg>
</New></Configure>

